{"train/train_loss": 0.6951038241386414, "learning_rate": 1.4999999621068127e-05, "epoch": 0.0, "trainer/global_step": 0, "_timestamp": 1733139286.942162, "_runtime": 40.10973906517029, "_step": 0, "_wandb": {"runtime": 42}}